"n_points","mean_diff","mean_abs_diff","rmse","max_abs_diff","cor_value"
243950,0.66234641560754,7.78029068610452,12.8833070991274,88.0498242317145,0.602088979738
