"n_points","mean_diff","mean_abs_diff","rmse","max_abs_diff","cor_value"
243950,5.6194689226406,19.907589077176,24.1567434982994,80.9526627606961,0.338343555467953
